usia_bayar;nilai_sekarang
56;1.00000
55;0.90932
54;0.82719
53;0.75275
52;0.68524
51;0.62396
50;0.56832
49;0.51775
48;0.47177
47;0.42994
46;0.39186
45;0.35718
44;0.32558
43;0.29678
42;0.27050
41;0.24652
40;0.22463
39;0.20465
38;0.18640
37;0.16974
36;0.15453
35;0.14065
34;0.12799
33;0.11644
32;0.10590
31;0.09629
30;0.08753
29;0.07954
28;0.07226
27;0.06563
26;0.05959
25;0.05409
24;0.04959
23;0.04547
22;0.04170
21;0.03823
20;0.03506
19;0.03215
18;0.02948
